"AP1","AP2","AP3","AP4","AP5","AP6","Class"
"-75","-79","-81","-18","-53","-60","1"
"-73","-81","-80","-18","-52","-60","1"
"-74","-79","-77","-15","-49","-59","1"
"-73","-77","-80","-15","-50","-61","1"
"-72","-80","-81","-15","-49","-60","1"
"-76","-77","-80","-20","-50","-59","1"
"-74","-78","-81","-16","-50","-59","1"
"-73","-79","-80","-18","-44","-59","1"
"-73","-79","-80","-16","-50","-59","1"
"-73","-78","-79","-16","-50","-56","1"
"-73","-79","-80","-15","-50","-60","1"
"-74","-78","-78","-15","-49","-59","1"
"-75","-78","-81","-15","-49","-59","1"
"-74","-78","-79","-18","-51","-59","1"
"-78","-81","-79","-15","-49","-60","1"
"-75","-79","-79","-17","-50","-59","1"
"-76","-78","-78","-17","-49","-59","1"
"-75","-76","-79","-17","-50","-58","1"
"-74","-79","-77","-16","-45","-59","1"
"-72","-79","-80","-15","-50","-59","1"
"-77","-78","-81","-17","-50","-60","1"
"-73","-79","-80","-16","-53","-60","1"
"-76","-79","-80","-19","-46","-60","1"
"-75","-80","-81","-17","-46","-59","1"
"-75","-79","-81","-17","-51","-60","1"
"-73","-79","-79","-16","-49","-60","1"
"-75","-80","-79","-16","-44","-60","1"
"-74","-79","-80","-17","-51","-59","1"
"-74","-78","-80","-17","-50","-59","1"
"-75","-81","-80","-17","-51","-60","1"
"-73","-82","-81","-17","-50","-59","1"
"-73","-76","-82","-18","-50","-61","1"
"-72","-80","-81","-19","-48","-60","1"
"-74","-79","-81","-18","-50","-60","1"
"-74","-79","-80","-18","-51","-60","1"
"-68","-83","-81","-47","-41","-57","2"
"-69","-85","-83","-47","-50","-58","2"
"-69","-85","-82","-47","-40","-56","2"
"-68","-82","-83","-40","-49","-57","2"
"-69","-83","-79","-40","-41","-56","2"
"-68","-83","-81","-37","-40","-56","2"
"-68","-82","-81","-46","-41","-55","2"
"-68","-82","-82","-39","-48","-56","2"
"-69","-82","-83","-46","-40","-57","2"
"-69","-79","-82","-41","-47","-56","2"
"-70","-83","-82","-44","-47","-56","2"
"-68","-83","-84","-41","-40","-56","2"
"-69","-81","-81","-45","-40","-56","2"
"-68","-81","-80","-39","-40","-59","2"
"-68","-79","-80","-39","-39","-56","2"
"-70","-83","-82","-39","-46","-55","2"
"-69","-86","-82","-40","-49","-59","2"
"-69","-82","-84","-42","-48","-58","2"
"-70","-85","-84","-39","-43","-58","2"
"-68","-84","-82","-42","-42","-57","2"
"-68","-83","-79","-41","-47","-55","2"
"-68","-77","-78","-46","-38","-56","2"
"-69","-82","-82","-40","-46","-55","2"
"-70","-82","-81","-46","-41","-55","2"
"-67","-80","-81","-40","-41","-55","2"
"-67","-84","-80","-40","-46","-55","2"
"-69","-81","-82","-70","-42","-55","2"
"-69","-83","-83","-41","-41","-57","2"
"-69","-83","-82","-41","-42","-56","2"
"-67","-83","-82","-39","-46","-54","2"
"-69","-85","-82","-39","-47","-56","2"
"-69","-83","-81","-45","-42","-57","2"
"-67","-83","-82","-39","-46","-56","2"
"-68","-80","-80","-39","-40","-56","2"
"-66","-80","-81","-38","-40","-55","2"
"-74","-71","-72","-47","-42","-60","3"
"-73","-71","-72","-50","-46","-60","3"
"-72","-70","-73","-44","-47","-58","3"
"-73","-70","-72","-43","-41","-59","3"
"-73","-70","-73","-51","-42","-60","3"
"-74","-71","-70","-50","-47","-59","3"
"-72","-71","-72","-51","-48","-60","3"
"-71","-71","-70","-49","-45","-60","3"
"-71","-69","-70","-49","-40","-60","3"
"-73","-71","-72","-53","-48","-60","3"
"-73","-69","-70","-50","-47","-59","3"
"-71","-71","-73","-50","-40","-59","3"
"-72","-70","-72","-48","-46","-60","3"
"-74","-70","-72","-49","-47","-59","3"
"-74","-69","-72","-50","-46","-60","3"
"-71","-72","-71","-50","-46","-57","3"
"-71","-70","-71","-48","-40","-59","3"
"-71","-69","-69","-48","-45","-58","3"
"-71","-68","-71","-43","-40","-61","3"
"-72","-70","-70","-49","-40","-60","3"
"-72","-71","-71","-51","-46","-60","3"
"-72","-69","-72","-51","-41","-60","3"
"-71","-69","-69","-49","-41","-59","3"
"-74","-70","-72","-50","-40","-60","3"
"-72","-70","-72","-48","-40","-60","3"
"-74","-71","-73","-50","-78","-59","3"
"-71","-71","-71","-59","-43","-58","3"
"-72","-70","-71","-50","-47","-59","3"
"-72","-69","-68","-49","-75","-56","3"
"-73","-71","-69","-50","-45","-59","3"
"-73","-69","-71","-48","-45","-59","3"
"-73","-69","-71","-49","-40","-59","3"
"-73","-70","-68","-51","-39","-56","3"
"-72","-68","-70","-50","-41","-59","3"
"-72","-72","-70","-49","-40","-59","3"
"-69","-81","-82","-59","-36","-58","4"
"-71","-83","-85","-55","-36","-58","4"
"-69","-82","-84","-55","-35","-58","4"
"-71","-76","-84","-57","-35","-59","4"
"-70","-81","-83","-55","-36","-60","4"
"-71","-81","-84","-59","-58","-60","4"
"-71","-85","-83","-54","-36","-60","4"
"-71","-81","-83","-55","-36","-60","4"
"-71","-81","-87","-56","-38","-58","4"
"-72","-83","-84","-56","-36","-59","4"
"-73","-82","-83","-56","-37","-59","4"
"-71","-83","-83","-56","-36","-61","4"
"-71","-77","-83","-56","-36","-60","4"
"-69","-82","-84","-55","-36","-59","4"
"-69","-82","-79","-55","-36","-59","4"
"-70","-82","-84","-54","-35","-59","4"
"-71","-80","-83","-55","-35","-59","4"
"-69","-83","-86","-56","-36","-59","4"
"-69","-78","-84","-54","-35","-58","4"
"-69","-79","-82","-54","-36","-58","4"
"-70","-85","-83","-54","-36","-59","4"
"-69","-80","-85","-72","-37","-58","4"
"-71","-80","-84","-57","-36","-60","4"
"-71","-80","-85","-56","-36","-59","4"
"-72","-82","-84","-54","-37","-57","4"
"-70","-83","-85","-57","-36","-59","4"
"-72","-84","-84","-56","-36","-60","4"
"-71","-81","-83","-57","-37","-59","4"
"-71","-84","-84","-55","-37","-60","4"
"-68","-79","-82","-53","-34","-57","4"
"-73","-84","-81","-57","-36","-59","4"
"-69","-83","-83","-57","-39","-60","4"
"-71","-80","-84","-56","-37","-61","4"
"-73","-81","-80","-58","-36","-59","4"
"-72","-82","-82","-56","-39","-61","4"
"-68","-78","-76","-51","-16","-52","5"
"-69","-75","-77","-52","-14","-51","5"
"-67","-77","-77","-51","-16","-51","5"
"-68","-78","-76","-48","-15","-52","5"
"-68","-77","-79","-52","-17","-52","5"
"-69","-76","-75","-50","-16","-51","5"
"-69","-77","-78","-51","-15","-52","5"
"-68","-77","-77","-51","-14","-52","5"
"-69","-79","-76","-51","-16","-53","5"
"-67","-77","-77","-50","-16","-51","5"
"-68","-77","-76","-50","-14","-51","5"
"-68","-77","-76","-51","-14","-51","5"
"-68","-75","-76","-49","-13","-50","5"
"-68","-79","-79","-51","-17","-54","5"
"-66","-69","-77","-49","-15","-51","5"
"-69","-78","-78","-52","-15","-54","5"
"-67","-76","-79","-51","-45","-51","5"
"-69","-76","-75","-50","-13","-51","5"
"-67","-77","-76","-50","-14","-50","5"
"-68","-77","-76","-52","-15","-53","5"
"-70","-77","-77","-53","-15","-52","5"
"-68","-77","-77","-49","-14","-53","5"
"-68","-77","-78","-51","-15","-53","5"
"-69","-76","-76","-49","-15","-51","5"
"-67","-78","-76","-50","-14","-54","5"
"-68","-80","-77","-53","-16","-51","5"
"-68","-77","-77","-50","-15","-52","5"
"-70","-77","-77","-52","-16","-51","5"
"-68","-78","-77","-49","-16","-52","5"
"-67","-77","-77","-52","-14","-51","5"
"-69","-76","-77","-50","-15","-51","5"
"-68","-76","-76","-51","-15","-50","5"
"-67","-76","-77","-50","-16","-50","5"
"-67","-76","-76","-50","-15","-52","5"
"-69","-77","-79","-50","-15","-51","5"
"-73","-85","-71","-39","-43","-58","6"
"-69","-85","-70","-37","-48","-56","6"
"-69","-82","-72","-38","-50","-57","6"
"-70","-84","-71","-38","-49","-58","6"
"-70","-85","-70","-44","-49","-58","6"
"-70","-86","-73","-40","-44","-58","6"
"-71","-86","-71","-39","-49","-57","6"
"-73","-81","-71","-46","-43","-58","6"
"-70","-86","-69","-40","-49","-60","6"
"-70","-85","-70","-38","-48","-56","6"
"-70","-77","-71","-38","-48","-56","6"
"-69","-86","-72","-37","-41","-58","6"
"-69","-85","-70","-38","-47","-58","6"
"-69","-82","-69","-38","-42","-60","6"
"-69","-83","-72","-37","-42","-57","6"
"-71","-85","-72","-39","-48","-58","6"
"-70","-84","-70","-35","-41","-57","6"
"-72","-87","-70","-37","-48","-57","6"
"-72","-85","-69","-39","-43","-57","6"
"-71","-85","-71","-46","-48","-58","6"
"-72","-85","-73","-39","-48","-59","6"
"-72","-77","-71","-39","-49","-59","6"
"-72","-86","-73","-40","-49","-58","6"
"-72","-84","-72","-39","-49","-57","6"
"-72","-84","-71","-40","-48","-58","6"
"-68","-83","-70","-39","-44","-59","6"
"-71","-84","-71","-45","-42","-58","6"
"-70","-88","-73","-39","-49","-58","6"
"-70","-85","-69","-42","-41","-56","6"
"-70","-83","-69","-44","-47","-57","6"
"-68","-83","-69","-36","-47","-57","6"
"-69","-83","-70","-37","-46","-57","6"
"-73","-85","-71","-45","-50","-59","6"
"-74","-86","-71","-39","-43","-59","6"
"-73","-85","-74","-39","-50","-59","6"
"-71","-71","-72","-53","-57","-52","7"
"-69","-74","-73","-53","-54","-60","7"
"-70","-74","-93","-54","-62","-56","7"
"-71","-75","-73","-52","-72","-56","7"
"-69","-74","-72","-49","-55","-55","7"
"-73","-74","-73","-53","-59","-56","7"
"-70","-75","-74","-54","-57","-54","7"
"-69","-72","-70","-52","-56","-54","7"
"-71","-75","-71","-53","-59","-53","7"
"-69","-74","-72","-52","-55","-55","7"
"-71","-73","-72","-51","-57","-54","7"
"-68","-72","-75","-51","-53","-54","7"
"-68","-76","-75","-52","-61","-55","7"
"-70","-74","-74","-53","-59","-58","7"
"-69","-73","-72","-51","-57","-54","7"
"-71","-75","-74","-53","-58","-56","7"
"-70","-75","-73","-52","-57","-56","7"
"-73","-76","-75","-54","-59","-56","7"
"-70","-76","-73","-54","-60","-57","7"
"-73","-75","-74","-53","-57","-57","7"
"-72","-76","-74","-53","-59","-56","7"
"-71","-76","-73","-51","-55","-58","7"
"-73","-75","-75","-52","-58","-56","7"
"-68","-74","-73","-54","-58","-75","7"
"-72","-75","-73","-54","-59","-56","7"
"-70","-75","-72","-53","-54","-57","7"
"-70","-75","-73","-55","-64","-55","7"
"-71","-75","-72","-53","-60","-56","7"
"-72","-75","-74","-54","-61","-56","7"
"-71","-76","-74","-54","-62","-57","7"
"-71","-76","-73","-53","-63","-57","7"
"-70","-76","-73","-52","-60","-57","7"
"-72","-75","-75","-54","-59","-56","7"
"-70","-76","-76","-53","-55","-53","7"
"-70","-75","-73","-53","-60","-59","7"
"-73","-76","-72","-45","-46","-66","8"
"-73","-74","-72","-50","-50","-67","8"
"-71","-76","-73","-51","-55","-67","8"
"-71","-75","-71","-50","-49","-68","8"
"-73","-76","-70","-45","-46","-68","8"
"-73","-75","-71","-49","-51","-68","8"
"-72","-75","-72","-50","-51","-67","8"
"-73","-74","-70","-50","-49","-67","8"
"-73","-83","-72","-45","-45","-68","8"
"-73","-77","-73","-51","-50","-68","8"
"-73","-74","-71","-50","-52","-69","8"
"-70","-74","-71","-48","-44","-68","8"
"-74","-76","-73","-49","-43","-69","8"
"-75","-76","-71","-46","-51","-67","8"
"-74","-76","-74","-50","-50","-66","8"
"-69","-77","-73","-50","-48","-67","8"
"-74","-75","-68","-52","-44","-67","8"
"-74","-75","-69","-50","-44","-68","8"
"-73","-74","-69","-49","-50","-67","8"
"-71","-71","-70","-49","-49","-67","8"
"-69","-76","-69","-44","-48","-66","8"
"-72","-76","-71","-44","-50","-68","8"
"-72","-75","-71","-49","-50","-68","8"
"-71","-76","-72","-74","-59","-69","8"
"-71","-76","-70","-51","-49","-67","8"
"-73","-75","-69","-51","-41","-68","8"
"-73","-75","-73","-50","-50","-68","8"
"-72","-72","-71","-49","-47","-66","8"
"-73","-77","-74","-50","-51","-68","8"
"-72","-77","-73","-44","-48","-69","8"
"-72","-77","-71","-51","-51","-70","8"
"-76","-73","-72","-52","-45","-69","8"
"-73","-77","-72","-46","-50","-68","8"
"-69","-77","-71","-69","-48","-67","8"
"-72","-78","-72","-51","-49","-69","8"
"-70","-69","-74","-59","-51","-61","9"
"-71","-69","-75","-56","-52","-57","9"
"-68","-68","-74","-55","-51","-56","9"
"-69","-74","-74","-54","-51","-58","9"
"-70","-67","-75","-60","-50","-58","9"
"-71","-69","-74","-56","-51","-58","9"
"-72","-69","-75","-59","-52","-58","9"
"-71","-71","-74","-58","-54","-59","9"
"-72","-71","-75","-60","-53","-58","9"
"-72","-71","-75","-58","-52","-58","9"
"-70","-70","-76","-60","-52","-59","9"
"-71","-70","-76","-57","-52","-59","9"
"-70","-70","-75","-57","-54","-58","9"
"-70","-70","-75","-56","-53","-58","9"
"-71","-71","-76","-57","-54","-56","9"
"-71","-71","-75","-58","-53","-58","9"
"-73","-71","-75","-58","-53","-59","9"
"-70","-71","-76","-58","-51","-59","9"
"-72","-71","-76","-59","-50","-58","9"
"-72","-71","-75","-60","-53","-58","9"
"-72","-70","-77","-59","-52","-59","9"
"-71","-70","-75","-55","-52","-57","9"
"-70","-74","-74","-56","-52","-57","9"
"-72","-72","-76","-58","-53","-60","9"
"-72","-70","-75","-57","-52","-58","9"
"-72","-70","-76","-56","-52","-59","9"
"-71","-71","-76","-59","-49","-59","9"
"-71","-71","-76","-61","-52","-58","9"
"-71","-70","-75","-58","-52","-59","9"
"-72","-70","-77","-59","-53","-58","9"
"-68","-67","-73","-54","-51","-58","9"
"-71","-70","-76","-58","-54","-59","9"
"-72","-71","-76","-58","-51","-59","9"
"-72","-70","-76","-58","-53","-59","9"
"-72","-71","-76","-60","-52","-58","9"
"-69","-68","-68","-65","-39","-60","10"
"-69","-70","-69","-67","-40","-63","10"
"-71","-70","-69","-66","-41","-61","10"
"-69","-70","-68","-67","-41","-63","10"
"-72","-68","-70","-64","-57","-62","10"
"-69","-70","-67","-67","-41","-62","10"
"-70","-70","-70","-66","-39","-62","10"
"-70","-70","-70","-64","-41","-62","10"
"-72","-72","-69","-66","-47","-63","10"
"-70","-72","-69","-66","-46","-63","10"
"-71","-71","-69","-66","-42","-63","10"
"-70","-71","-69","-67","-41","-63","10"
"-73","-71","-69","-67","-41","-61","10"
"-69","-69","-68","-61","-39","-61","10"
"-72","-70","-69","-66","-40","-60","10"
"-71","-70","-70","-65","-41","-60","10"
"-71","-70","-70","-65","-41","-62","10"
"-69","-69","-70","-65","-40","-62","10"
"-71","-70","-70","-66","-40","-62","10"
"-72","-71","-68","-67","-47","-61","10"
"-72","-72","-68","-63","-45","-61","10"
"-73","-71","-70","-68","-42","-63","10"
"-72","-71","-72","-67","-48","-63","10"
"-70","-72","-70","-69","-41","-64","10"
"-73","-69","-70","-67","-41","-60","10"
"-73","-71","-67","-66","-41","-60","10"
"-70","-70","-69","-67","-40","-61","10"
"-72","-70","-70","-65","-39","-63","10"
"-71","-69","-73","-61","-41","-61","10"
"-72","-70","-69","-67","-40","-60","10"
"-72","-70","-69","-66","-46","-63","10"
"-72","-71","-70","-65","-40","-64","10"
"-69","-71","-69","-66","-39","-63","10"
"-71","-70","-69","-66","-40","-60","10"
"-71","-70","-68","-67","-46","-59","10"
"-76","-75","-74","-43","-57","-54","11"
"-77","-73","-71","-49","-58","-52","11"
"-78","-74","-72","-49","-58","-54","11"
"-77","-73","-75","-49","-55","-53","11"
"-77","-75","-73","-48","-56","-53","11"
"-76","-74","-73","-43","-56","-55","11"
"-76","-74","-73","-43","-56","-55","11"
"-77","-76","-73","-47","-53","-55","11"
"-77","-76","-73","-47","-55","-53","11"
"-79","-75","-74","-79","-55","-52","11"
"-77","-77","-74","-43","-57","-54","11"
"-79","-74","-76","-49","-57","-54","11"
"-78","-73","-72","-43","-56","-55","11"
"-78","-73","-73","-49","-61","-54","11"
"-79","-75","-73","-43","-58","-52","11"
"-77","-74","-75","-51","-58","-54","11"
"-77","-73","-73","-48","-58","-54","11"
"-78","-75","-74","-49","-62","-53","11"
"-79","-76","-75","-43","-61","-54","11"
"-78","-74","-76","-50","-58","-71","11"
"-78","-76","-74","-51","-59","-53","11"
"-77","-74","-76","-49","-63","-53","11"
"-78","-76","-73","-49","-59","-55","11"
"-76","-73","-72","-48","-55","-56","11"
"-77","-74","-73","-48","-57","-53","11"
"-76","-75","-73","-47","-56","-53","11"
"-76","-71","-73","-41","-57","-52","11"
"-77","-74","-73","-43","-58","-54","11"
"-78","-73","-72","-49","-56","-53","11"
"-80","-75","-74","-49","-56","-54","11"
"-79","-74","-72","-49","-55","-54","11"
"-79","-75","-75","-49","-54","-53","11"
"-79","-73","-73","-47","-62","-55","11"
"-78","-75","-76","-49","-57","-54","11"
"-77","-72","-73","-49","-57","-53","11"
"-84","-73","-72","-52","-52","-62","12"
"-86","-71","-71","-53","-53","-62","12"
"-84","-70","-73","-53","-53","-60","12"
"-88","-73","-72","-53","-54","-62","12"
"-85","-72","-74","-53","-55","-63","12"
"-85","-70","-71","-53","-54","-63","12"
"-85","-73","-72","-52","-54","-63","12"
"-87","-70","-71","-51","-52","-62","12"
"-86","-70","-73","-50","-49","-60","12"
"-85","-71","-70","-49","-52","-62","12"
"-84","-72","-72","-53","-49","-61","12"
"-83","-69","-72","-52","-52","-62","12"
"-83","-70","-71","-53","-51","-59","12"
"-85","-71","-72","-53","-53","-59","12"
"-85","-70","-72","-54","-52","-59","12"
"-84","-72","-70","-53","-51","-61","12"
"-84","-75","-70","-53","-55","-61","12"
"-82","-71","-70","-53","-53","-61","12"
"-87","-69","-71","-52","-52","-62","12"
"-85","-70","-72","-52","-52","-61","12"
"-85","-71","-72","-50","-51","-61","12"
"-83","-71","-70","-54","-52","-61","12"
"-83","-68","-71","-54","-52","-62","12"
"-86","-72","-70","-52","-53","-61","12"
"-84","-71","-70","-51","-52","-60","12"
"-84","-71","-71","-52","-52","-61","12"
"-86","-72","-75","-54","-55","-62","12"
"-85","-73","-73","-56","-53","-59","12"
"-87","-66","-73","-55","-54","-63","12"
"-85","-72","-70","-51","-52","-62","12"
"-81","-71","-70","-52","-52","-62","12"
"-84","-71","-70","-54","-52","-62","12"
"-85","-73","-71","-55","-53","-63","12"
"-85","-72","-70","-53","-53","-63","12"
"-87","-71","-71","-51","-52","-70","12"
"-73","-73","-71","-50","-44","-44","13"
"-75","-75","-72","-50","-36","-43","13"
"-75","-72","-70","-52","-39","-38","13"
"-75","-76","-72","-53","-42","-40","13"
"-75","-73","-70","-52","-41","-39","13"
"-74","-73","-72","-51","-39","-46","13"
"-75","-71","-73","-52","-46","-37","13"
"-74","-74","-70","-52","-45","-40","13"
"-75","-73","-71","-52","-40","-41","13"
"-76","-73","-72","-53","-47","-46","13"
"-75","-74","-71","-50","-39","-38","13"
"-77","-73","-71","-53","-46","-40","13"
"-75","-71","-70","-50","-40","-38","13"
"-74","-72","-70","-51","-44","-43","13"
"-77","-74","-72","-53","-48","-41","13"
"-76","-72","-72","-51","-46","-38","13"
"-76","-72","-70","-52","-45","-38","13"
"-81","-72","-70","-50","-40","-36","13"
"-75","-73","-71","-51","-39","-38","13"
"-74","-75","-70","-52","-46","-40","13"
"-74","-72","-69","-52","-45","-44","13"
"-75","-72","-71","-53","-40","-40","13"
"-76","-72","-71","-50","-40","-45","13"
"-75","-72","-71","-52","-40","-39","13"
"-75","-72","-71","-51","-39","-45","13"
"-76","-72","-70","-51","-40","-36","13"
"-75","-73","-70","-52","-39","-35","13"
"-77","-72","-68","-53","-40","-38","13"
"-76","-72","-72","-52","-41","-40","13"
"-78","-71","-72","-53","-46","-39","13"
"-75","-73","-71","-53","-47","-39","13"
"-75","-74","-72","-52","-45","-45","13"
"-75","-73","-71","-51","-47","-39","13"
"-75","-75","-71","-52","-47","-37","13"
"-74","-73","-73","-51","-45","-39","13"
"-72","-67","-67","-54","-41","-51","14"
"-72","-66","-66","-54","-42","-52","14"
"-69","-64","-63","-51","-38","-51","14"
"-72","-68","-66","-53","-42","-52","14"
"-72","-68","-68","-49","-43","-54","14"
"-72","-68","-66","-46","-43","-53","14"
"-70","-67","-66","-51","-48","-51","14"
"-70","-65","-65","-50","-47","-52","14"
"-69","-66","-65","-51","-40","-51","14"
"-71","-66","-64","-50","-48","-52","14"
"-67","-66","-65","-51","-40","-52","14"
"-70","-66","-65","-50","-47","-52","14"
"-70","-65","-64","-47","-40","-51","14"
"-70","-64","-64","-52","-46","-53","14"
"-68","-65","-67","-49","-46","-51","14"
"-71","-68","-68","-54","-48","-52","14"
"-71","-67","-65","-52","-43","-53","14"
"-71","-67","-65","-53","-48","-54","14"
"-71","-67","-66","-52","-42","-53","14"
"-71","-66","-69","-53","-41","-52","14"
"-71","-66","-66","-52","-41","-53","14"
"-70","-67","-67","-52","-43","-53","14"
"-71","-66","-67","-51","-39","-53","14"
"-70","-67","-67","-54","-43","-53","14"
"-71","-65","-67","-52","-48","-54","14"
"-71","-68","-67","-51","-47","-52","14"
"-71","-67","-66","-51","-48","-53","14"
"-70","-68","-68","-50","-42","-52","14"
"-71","-67","-67","-52","-47","-52","14"
"-70","-67","-66","-51","-48","-52","14"
"-71","-67","-67","-51","-51","-52","14"
"-71","-66","-66","-52","-41","-52","14"
"-72","-66","-66","-51","-41","-53","14"
"-71","-65","-63","-51","-40","-52","14"
"-72","-68","-66","-50","-43","-52","14"
"-73","-67","-81","-52","-53","-49","15"
"-69","-65","-79","-52","-47","-46","15"
"-72","-65","-76","-55","-49","-40","15"
"-70","-65","-79","-48","-50","-45","15"
"-70","-61","-80","-48","-49","-40","15"
"-72","-67","-82","-54","-51","-48","15"
"-72","-67","-79","-53","-50","-40","15"
"-72","-67","-79","-53","-51","-48","15"
"-69","-67","-79","-55","-53","-46","15"
"-71","-66","-79","-53","-54","-39","15"
"-69","-67","-80","-53","-49","-41","15"
"-71","-66","-80","-54","-51","-47","15"
"-71","-65","-78","-52","-51","-46","15"
"-71","-66","-79","-51","-48","-46","15"
"-72","-66","-74","-54","-49","-41","15"
"-72","-65","-80","-53","-50","-46","15"
"-73","-66","-83","-52","-50","-71","15"
"-72","-65","-79","-51","-50","-46","15"
"-71","-69","-81","-54","-51","-49","15"
"-72","-68","-81","-54","-52","-42","15"
"-69","-66","-79","-50","-50","-46","15"
"-69","-70","-79","-51","-50","-42","15"
"-71","-66","-78","-55","-50","-45","15"
"-69","-67","-80","-56","-51","-48","15"
"-74","-65","-80","-54","-50","-42","15"
"-73","-67","-81","-52","-52","-42","15"
"-72","-65","-79","-54","-51","-45","15"
"-73","-66","-76","-52","-51","-40","15"
"-72","-65","-81","-51","-49","-45","15"
"-73","-63","-79","-54","-49","-46","15"
"-70","-66","-79","-53","-51","-40","15"
"-72","-66","-79","-51","-51","-43","15"
"-70","-65","-78","-54","-49","-47","15"
"-74","-64","-80","-53","-51","-47","15"
"-73","-65","-81","-53","-51","-40","15"
"-80","-78","-67","-56","-58","-50","16"
"-71","-77","-67","-56","-57","-43","16"
"-73","-78","-70","-53","-59","-49","16"
"-76","-81","-69","-58","-60","-51","16"
"-74","-79","-68","-57","-60","-45","16"
"-72","-78","-66","-55","-57","-75","16"
"-72","-66","-67","-55","-58","-49","16"
"-70","-74","-67","-54","-56","-48","16"
"-73","-79","-67","-55","-58","-48","16"
"-72","-78","-66","-58","-59","-51","16"
"-74","-81","-68","-57","-60","-50","16"
"-73","-79","-67","-55","-58","-50","16"
"-75","-76","-69","-56","-57","-48","16"
"-74","-76","-68","-56","-57","-49","16"
"-73","-77","-66","-53","-56","-48","16"
"-75","-79","-68","-55","-59","-51","16"
"-75","-79","-68","-58","-58","-50","16"
"-73","-77","-69","-58","-60","-50","16"
"-76","-77","-67","-59","-59","-49","16"
"-74","-79","-67","-59","-58","-51","16"
"-74","-77","-67","-58","-59","-50","16"
"-73","-79","-68","-56","-59","-50","16"
"-74","-80","-68","-54","-58","-52","16"
"-71","-77","-66","-54","-57","-49","16"
"-73","-77","-68","-54","-58","-49","16"
"-72","-78","-66","-54","-58","-49","16"
"-72","-76","-67","-56","-57","-48","16"
"-73","-77","-68","-56","-57","-48","16"
"-73","-78","-67","-56","-58","-48","16"
"-75","-77","-66","-56","-58","-49","16"
"-72","-77","-67","-55","-58","-43","16"
"-73","-76","-69","-56","-57","-49","16"
"-73","-80","-67","-55","-58","-49","16"
"-73","-79","-68","-56","-59","-48","16"
"-72","-79","-66","-59","-61","-49","16"
"-76","-70","-74","-43","-51","-50","17"
"-76","-71","-73","-52","-54","-53","17"
"-78","-70","-74","-50","-48","-51","17"
"-76","-70","-73","-48","-48","-49","17"
"-76","-69","-74","-49","-51","-54","17"
"-75","-70","-74","-50","-51","-50","17"
"-74","-70","-73","-49","-51","-50","17"
"-75","-73","-74","-45","-53","-53","17"
"-78","-69","-73","-49","-50","-50","17"
"-76","-71","-74","-50","-51","-51","17"
"-75","-69","-73","-48","-52","-51","17"
"-74","-73","-75","-49","-50","-52","17"
"-74","-72","-76","-46","-51","-53","17"
"-75","-70","-75","-45","-48","-56","17"
"-76","-74","-71","-42","-45","-51","17"
"-78","-71","-71","-42","-43","-51","17"
"-76","-70","-74","-48","-50","-52","17"
"-77","-72","-74","-49","-52","-50","17"
"-74","-70","-75","-49","-50","-51","17"
"-74","-70","-74","-49","-50","-50","17"
"-76","-72","-74","-50","-52","-51","17"
"-77","-72","-75","-44","-43","-52","17"
"-76","-70","-74","-47","-51","-52","17"
"-77","-71","-75","-54","-51","-50","17"
"-80","-73","-79","-51","-46","-52","17"
"-76","-69","-74","-47","-45","-49","17"
"-76","-72","-74","-49","-51","-50","17"
"-76","-70","-73","-44","-50","-53","17"
"-75","-73","-74","-42","-52","-51","17"
"-75","-70","-75","-49","-48","-51","17"
"-77","-72","-75","-51","-49","-53","17"
"-75","-68","-94","-41","-45","-50","17"
"-74","-68","-73","-52","-49","-49","17"
"-75","-69","-74","-51","-52","-50","17"
"-76","-69","-74","-47","-46","-54","17"
"-78","-71","-80","-55","-56","-28","18"
"-79","-72","-97","-60","-58","-28","18"
"-77","-71","-79","-52","-57","-28","18"
"-76","-69","-76","-55","-53","-45","18"
"-78","-69","-78","-57","-56","-28","18"
"-77","-70","-78","-53","-57","-28","18"
"-77","-71","-78","-49","-57","-28","18"
"-77","-70","-77","-54","-55","-26","18"
"-77","-71","-79","-54","-56","-27","18"
"-77","-70","-78","-55","-54","-27","18"
"-77","-71","-76","-49","-55","-25","18"
"-78","-71","-78","-53","-57","-26","18"
"-75","-68","-76","-50","-53","-26","18"
"-77","-69","-76","-52","-51","-25","18"
"-79","-73","-80","-54","-57","-27","18"
"-79","-69","-82","-53","-56","-26","18"
"-74","-71","-78","-53","-57","-29","18"
"-76","-68","-77","-54","-55","-27","18"
"-76","-71","-77","-53","-56","-27","18"
"-76","-68","-78","-54","-56","-26","18"
"-79","-67","-76","-52","-55","-26","18"
"-77","-71","-78","-54","-57","-27","18"
"-77","-71","-77","-54","-56","-27","18"
"-78","-69","-79","-55","-57","-28","18"
"-77","-67","-77","-51","-50","-26","18"
"-79","-71","-80","-54","-57","-28","18"
"-77","-72","-79","-54","-55","-27","18"
"-78","-71","-79","-52","-56","-28","18"
"-79","-72","-78","-55","-55","-27","18"
"-76","-68","-76","-51","-55","-26","18"
"-79","-68","-77","-55","-52","-26","18"
"-78","-68","-77","-54","-55","-27","18"
"-78","-71","-76","-57","-55","-26","18"
"-78","-69","-78","-57","-58","-27","18"
"-75","-67","-75","-49","-54","-24","18"
"-73","-73","-75","-54","-52","-33","19"
"-75","-72","-75","-58","-52","-34","19"
"-72","-74","-75","-54","-50","-33","19"
"-73","-71","-74","-55","-48","-33","19"
"-72","-72","-74","-55","-52","-33","19"
"-72","-74","-75","-54","-50","-32","19"
"-71","-74","-75","-55","-45","-32","19"
"-75","-72","-74","-53","-55","-33","19"
"-72","-73","-75","-55","-51","-34","19"
"-73","-71","-74","-54","-51","-31","19"
"-74","-71","-75","-53","-51","-32","19"
"-73","-75","-74","-54","-51","-31","19"
"-71","-73","-75","-54","-52","-33","19"
"-73","-74","-75","-54","-51","-33","19"
"-73","-72","-75","-55","-52","-33","19"
"-74","-74","-74","-55","-50","-33","19"
"-73","-73","-75","-54","-50","-34","19"
"-73","-72","-74","-54","-54","-34","19"
"-75","-70","-74","-54","-50","-32","19"
"-73","-72","-74","-53","-51","-34","19"
"-72","-72","-73","-52","-55","-42","19"
"-73","-72","-73","-55","-45","-32","19"
"-72","-71","-73","-52","-49","-32","19"
"-71","-72","-74","-53","-49","-32","19"
"-71","-69","-73","-54","-52","-31","19"
"-71","-72","-73","-53","-49","-33","19"
"-72","-70","-73","-51","-49","-32","19"
"-71","-71","-74","-54","-50","-33","19"
"-71","-71","-74","-52","-45","-33","19"
"-73","-73","-75","-54","-54","-33","19"
"-72","-71","-75","-52","-51","-33","19"
"-73","-72","-74","-54","-48","-32","19"
"-73","-72","-74","-54","-50","-33","19"
"-73","-71","-73","-53","-46","-33","19"
"-71","-73","-73","-50","-47","-31","19"
"-74","-68","-67","-50","-50","-39","20"
"-75","-68","-67","-50","-52","-40","20"
"-72","-70","-64","-51","-51","-39","20"
"-71","-66","-65","-52","-49","-40","20"
"-72","-68","-67","-52","-53","-39","20"
"-70","-67","-65","-49","-50","-38","20"
"-71","-68","-65","-51","-48","-44","20"
"-71","-66","-65","-52","-50","-37","20"
"-73","-67","-66","-50","-50","-39","20"
"-71","-68","-65","-51","-50","-38","20"
"-71","-68","-66","-50","-50","-38","20"
"-71","-67","-66","-49","-50","-37","20"
"-74","-67","-66","-50","-51","-39","20"
"-70","-68","-66","-50","-50","-39","20"
"-70","-69","-66","-49","-52","-40","20"
"-74","-68","-66","-50","-50","-37","20"
"-71","-67","-66","-51","-50","-40","20"
"-71","-67","-66","-49","-48","-39","20"
"-71","-68","-66","-49","-50","-36","20"
"-70","-66","-66","-51","-49","-37","20"
"-73","-69","-62","-52","-51","-41","20"
"-69","-66","-66","-48","-50","-39","20"
"-72","-66","-64","-50","-49","-37","20"
"-70","-67","-65","-49","-51","-36","20"
"-70","-67","-66","-50","-47","-37","20"
"-71","-68","-66","-50","-50","-39","20"
"-71","-67","-65","-53","-53","-44","20"
"-73","-68","-66","-50","-51","-35","20"
"-73","-68","-66","-48","-50","-39","20"
"-71","-67","-66","-50","-49","-39","20"
"-70","-67","-66","-49","-49","-38","20"
"-73","-66","-66","-50","-50","-40","20"
"-72","-68","-65","-51","-50","-72","20"
"-71","-68","-66","-50","-49","-38","20"
"-70","-70","-65","-50","-42","-39","20"
